artist_name,name,track_id,popularity,danceability,energy,key,loudness,mode,speechiness,acousticness,instrumentalness,liveness,valence,tempo,type,id,uri,track_href,analysis_url,duration_ms,time_signature
The Weeknd,"One Of The Girls (with JENNIE, Lily Rose Depp)",1VNWdmXSbaNrnWod10WIL0,86,0.531,0.652,8,-6.249,1,0.0325,0.0524,1.39e-06,0.162,0.179,87.521,1VNWdmXSbaNrnWod10WIL0,spotify:track:1VNWdmXSbaNrnWod10WIL0,https://api.spotify.com/v1/tracks/1VNWdmXSbaNrnWod10WIL0,https://api.spotify.com/v1/audio-analysis/1VNWdmXSbaNrnWod10WIL0,244685,4
The Weeknd,Popular (with Playboi Carti & Madonna),7GUhiAHLoVy1V8ucQuZ3CB,85,0.854,0.668,1,-6.243,1,0.2,0.0604,8.39e-05,0.382,0.833,99.018,7GUhiAHLoVy1V8ucQuZ3CB,spotify:track:7GUhiAHLoVy1V8ucQuZ3CB,https://api.spotify.com/v1/tracks/7GUhiAHLoVy1V8ucQuZ3CB,https://api.spotify.com/v1/audio-analysis/7GUhiAHLoVy1V8ucQuZ3CB,215467,4
The Weeknd,Starboy,7MXVkk9YMctZqd1Srtv4MB,91,0.679,0.587,7,-7.015,1,0.276,0.141,6.35e-06,0.137,0.486,186.003,7MXVkk9YMctZqd1Srtv4MB,spotify:track:7MXVkk9YMctZqd1Srtv4MB,https://api.spotify.com/v1/tracks/7MXVkk9YMctZqd1Srtv4MB,https://api.spotify.com/v1/audio-analysis/7MXVkk9YMctZqd1Srtv4MB,230453,4
The Weeknd,Blinding Lights,0VjIjW4GlUZAMYd2vXMi3b,90,0.514,0.73,1,-5.934,1,0.0598,0.00146,9.54e-05,0.0897,0.334,171.005,0VjIjW4GlUZAMYd2vXMi3b,spotify:track:0VjIjW4GlUZAMYd2vXMi3b,https://api.spotify.com/v1/tracks/0VjIjW4GlUZAMYd2vXMi3b,https://api.spotify.com/v1/audio-analysis/0VjIjW4GlUZAMYd2vXMi3b,200040,4
The Weeknd,Die For You,2LBqCSwhJGcFQeTHMVGwy3,87,0.715,0.47,5,-12.638,0,0.0772,0.353,0.0923,0.104,0.426,89.965,5gDWsRxpJ2lZAffh5p7K0w,spotify:track:5gDWsRxpJ2lZAffh5p7K0w,https://api.spotify.com/v1/tracks/5gDWsRxpJ2lZAffh5p7K0w,https://api.spotify.com/v1/audio-analysis/5gDWsRxpJ2lZAffh5p7K0w,111627,4
The Weeknd,Stargirl Interlude,5gDWsRxpJ2lZAffh5p7K0w,86,0.68,0.826,0,-5.487,1,0.0309,0.0212,1.24e-05,0.543,0.644,118.051,5QO79kh1waicV47BqGRL3g,spotify:track:5QO79kh1waicV47BqGRL3g,https://api.spotify.com/v1/tracks/5QO79kh1waicV47BqGRL3g,https://api.spotify.com/v1/audio-analysis/5QO79kh1waicV47BqGRL3g,215627,4
The Weeknd,Save Your Tears,5QO79kh1waicV47BqGRL3g,87,0.585,0.564,0,-7.063,0,0.0515,0.0671,0,0.135,0.137,113.003,7fBv7CLKzipRk6EC6TWHOB,spotify:track:7fBv7CLKzipRk6EC6TWHOB,https://api.spotify.com/v1/tracks/7fBv7CLKzipRk6EC6TWHOB,https://api.spotify.com/v1/audio-analysis/7fBv7CLKzipRk6EC6TWHOB,242253,4
The Weeknd,The Hills,7fBv7CLKzipRk6EC6TWHOB,87,0.575,0.5,1,-7.594,0,0.0707,0.227,0,0.335,0.506,67.033,4W4fNrZYkobj539TOWsLO2,spotify:track:4W4fNrZYkobj539TOWsLO2,https://api.spotify.com/v1/tracks/4W4fNrZYkobj539TOWsLO2,https://api.spotify.com/v1/audio-analysis/4W4fNrZYkobj539TOWsLO2,232857,4
The Weeknd,Die For You (with Ariana Grande) - Remix,4W4fNrZYkobj539TOWsLO2,82,0.552,0.702,9,-5.707,1,0.157,0.117,2.06e-05,0.105,0.564,169.994,1BxfuPKGuaTgP7aM0Bbdwr,spotify:track:1BxfuPKGuaTgP7aM0Bbdwr,https://api.spotify.com/v1/tracks/1BxfuPKGuaTgP7aM0Bbdwr,https://api.spotify.com/v1/audio-analysis/1BxfuPKGuaTgP7aM0Bbdwr,178427,4
Taylor Swift,Cruel Summer,1BxfuPKGuaTgP7aM0Bbdwr,97,0.359,0.543,7,-7.582,1,0.0919,0.492,1.58e-05,0.118,0.453,68.534,1dGr1c8CrMLDpV6mPbImSI,spotify:track:1dGr1c8CrMLDpV6mPbImSI,https://api.spotify.com/v1/tracks/1dGr1c8CrMLDpV6mPbImSI,https://api.spotify.com/v1/audio-analysis/1dGr1c8CrMLDpV6mPbImSI,221307,4
Taylor Swift,Lover,1dGr1c8CrMLDpV6mPbImSI,90,0.637,0.643,4,-6.571,1,0.0519,0.13,1.8e-06,0.142,0.533,97.008,0V3wPSX9ygBnCm8psDIegu,spotify:track:0V3wPSX9ygBnCm8psDIegu,https://api.spotify.com/v1/tracks/0V3wPSX9ygBnCm8psDIegu,https://api.spotify.com/v1/audio-analysis/0V3wPSX9ygBnCm8psDIegu,200690,4
Taylor Swift,Anti-Hero,0V3wPSX9ygBnCm8psDIegu,90,0.613,0.581,0,-8.588,0,0.0424,0.537,0.000345,0.25,0.551,130.033,4R2kfaDFhslZEMJqAFNpdd,spotify:track:4R2kfaDFhslZEMJqAFNpdd,https://api.spotify.com/v1/tracks/4R2kfaDFhslZEMJqAFNpdd,https://api.spotify.com/v1/audio-analysis/4R2kfaDFhslZEMJqAFNpdd,239560,4
Taylor Swift,cardigan,4R2kfaDFhslZEMJqAFNpdd,89,0.615,0.534,9,-6.719,0,0.0386,0.106,1.76e-05,0.0607,0.193,135.917,1R0a2iXumgCiFb7HEZ7gUE,spotify:track:1R0a2iXumgCiFb7HEZ7gUE,https://api.spotify.com/v1/tracks/1R0a2iXumgCiFb7HEZ7gUE,https://api.spotify.com/v1/audio-analysis/1R0a2iXumgCiFb7HEZ7gUE,236413,4
Taylor Swift,Don’t Blame Me,1R0a2iXumgCiFb7HEZ7gUE,88,0.532,0.623,5,-9.208,1,0.0331,0.538,7.28e-05,0.0925,0.403,89.937,3hUxzQpSfdDqwM3ZTFQY0K,spotify:track:3hUxzQpSfdDqwM3ZTFQY0K,https://api.spotify.com/v1/tracks/3hUxzQpSfdDqwM3ZTFQY0K,https://api.spotify.com/v1/audio-analysis/3hUxzQpSfdDqwM3ZTFQY0K,261923,4
Taylor Swift,august,3hUxzQpSfdDqwM3ZTFQY0K,87,0.627,0.792,2,-4.311,1,0.031,0.13,3.97e-06,0.0845,0.415,119.054,6YvqWjhGD8mB5QXcbcUKtx,spotify:track:6YvqWjhGD8mB5QXcbcUKtx,https://api.spotify.com/v1/tracks/6YvqWjhGD8mB5QXcbcUKtx,https://api.spotify.com/v1/audio-analysis/6YvqWjhGD8mB5QXcbcUKtx,235767,4
Taylor Swift,Karma,7KokYm8cMIXCsGVmUvKtqf,85,0.753,0.678,5,-5.421,1,0.0644,0.085,1.64e-06,0.13,0.583,96.006,1p80LdxRV74UKvL8gnD7ky,spotify:track:1p80LdxRV74UKvL8gnD7ky,https://api.spotify.com/v1/tracks/1p80LdxRV74UKvL8gnD7ky,https://api.spotify.com/v1/audio-analysis/1p80LdxRV74UKvL8gnD7ky,231827,4
Taylor Swift,Love Story (Taylor’s Version),6YvqWjhGD8mB5QXcbcUKtx,80,0.645,0.663,5,-8.305,1,0.0447,0.0657,3.18e-05,0.0751,0.287,115.83,51ZQ1vr10ffzbwIjDCwqm4,spotify:track:51ZQ1vr10ffzbwIjDCwqm4,https://api.spotify.com/v1/tracks/51ZQ1vr10ffzbwIjDCwqm4,https://api.spotify.com/v1/audio-analysis/51ZQ1vr10ffzbwIjDCwqm4,228639,4
Taylor Swift,Blank Space,1p80LdxRV74UKvL8gnD7ky,74,0.785,0.766,1,-6.551,1,0.0503,0.194,7.57e-05,0.107,0.804,119.029,5D34wRmbFS29AjtTOP2QJe,spotify:track:5D34wRmbFS29AjtTOP2QJe,https://api.spotify.com/v1/tracks/5D34wRmbFS29AjtTOP2QJe,https://api.spotify.com/v1/audio-analysis/5D34wRmbFS29AjtTOP2QJe,214994,4
Ariana Grande,"yes, and?",5D34wRmbFS29AjtTOP2QJe,86,0.796,0.623,7,-5.819,0,0.0522,0.149,0,0.0746,0.443,98.003,0Lmbke3KNVFXtoH2mMSHCw,spotify:track:0Lmbke3KNVFXtoH2mMSHCw,https://api.spotify.com/v1/tracks/0Lmbke3KNVFXtoH2mMSHCw,https://api.spotify.com/v1/audio-analysis/0Lmbke3KNVFXtoH2mMSHCw,173640,4
Ariana Grande,the boy is mine,0Lmbke3KNVFXtoH2mMSHCw,89,0.638,0.647,2,-4.834,0,0.028,0.217,0,0.156,0.51,110.003,1Rweq7vNjK4kZBbGrmxQsl,spotify:track:1Rweq7vNjK4kZBbGrmxQsl,https://api.spotify.com/v1/tracks/1Rweq7vNjK4kZBbGrmxQsl,https://api.spotify.com/v1/audio-analysis/1Rweq7vNjK4kZBbGrmxQsl,164927,4
Ariana Grande,bye,1Rweq7vNjK4kZBbGrmxQsl,88,0.658,0.505,9,-6.947,1,0.105,0.537,0,0.113,0.331,159.947,3RwWW7KeVhHGayYJgUL5eZ,spotify:track:3RwWW7KeVhHGayYJgUL5eZ,https://api.spotify.com/v1/tracks/3RwWW7KeVhHGayYJgUL5eZ,https://api.spotify.com/v1/audio-analysis/3RwWW7KeVhHGayYJgUL5eZ,210200,4
Ariana Grande,eternal sunshine,3RwWW7KeVhHGayYJgUL5eZ,88,0.501,0.373,10,-9.488,1,0.0493,0.671,0,0.177,0.38,84.682,2o1pb13quMReXZqE7jWsgq,spotify:track:2o1pb13quMReXZqE7jWsgq,https://api.spotify.com/v1/tracks/2o1pb13quMReXZqE7jWsgq,https://api.spotify.com/v1/audio-analysis/2o1pb13quMReXZqE7jWsgq,92400,4
Ariana Grande,intro (end of the world),2o1pb13quMReXZqE7jWsgq,88,0.57,0.729,8,-6.839,1,0.104,0.0971,0,0.128,0.519,76.56,142PiXzA84lmEw2RstFHFa,spotify:track:142PiXzA84lmEw2RstFHFa,https://api.spotify.com/v1/tracks/142PiXzA84lmEw2RstFHFa,https://api.spotify.com/v1/audio-analysis/142PiXzA84lmEw2RstFHFa,163382,4
Ariana Grande,supernatural,142PiXzA84lmEw2RstFHFa,87,0.41,0.726,9,-5.204,0,0.33,0.456,0,0.11,0.556,193.956,0o3ua5ufFK7nfRzbDUNoGA,spotify:track:0o3ua5ufFK7nfRzbDUNoGA,https://api.spotify.com/v1/tracks/0o3ua5ufFK7nfRzbDUNoGA,https://api.spotify.com/v1/audio-analysis/0o3ua5ufFK7nfRzbDUNoGA,174006,4
Ariana Grande,true story,14kyXBpg91RVq8bNRDS1q2,86,0.725,0.526,9,-6.179,0,0.0629,0.478,1.63e-05,0.312,0.377,137.962,14kyXBpg91RVq8bNRDS1q2,spotify:track:14kyXBpg91RVq8bNRDS1q2,https://api.spotify.com/v1/tracks/14kyXBpg91RVq8bNRDS1q2,https://api.spotify.com/v1/audio-analysis/14kyXBpg91RVq8bNRDS1q2,163278,4
Ariana Grande,i wish i hated you,5cQX9BexkPIEESTZijJhXg,85,0.734,0.766,1,-4.485,1,0.0383,0.025,0.00138,0.108,0.6,127.986,6qn9YLKt13AGvpq9jfO8py,spotify:track:6qn9YLKt13AGvpq9jfO8py,https://api.spotify.com/v1/tracks/6qn9YLKt13AGvpq9jfO8py,https://api.spotify.com/v1/audio-analysis/6qn9YLKt13AGvpq9jfO8py,215227,4
Rihanna,We Found Love,6qn9YLKt13AGvpq9jfO8py,85,0.789,0.706,11,-4.233,0,0.0429,0.112,1.71e-05,0.0586,0.638,125.911,2ENexcMEMsYk0rVJigVD3i,spotify:track:2ENexcMEMsYk0rVJigVD3i,https://api.spotify.com/v1/tracks/2ENexcMEMsYk0rVJigVD3i,https://api.spotify.com/v1/audio-analysis/2ENexcMEMsYk0rVJigVD3i,235493,4
Rihanna,Only Girl (In The World),2ENexcMEMsYk0rVJigVD3i,85,0.583,0.829,1,-4.603,1,0.134,0.00864,0,0.0426,0.575,174.028,2yPoXCs7BSIUrucMdK5PzV,spotify:track:2yPoXCs7BSIUrucMdK5PzV,https://api.spotify.com/v1/tracks/2yPoXCs7BSIUrucMdK5PzV,https://api.spotify.com/v1/audio-analysis/2yPoXCs7BSIUrucMdK5PzV,275987,4
Rihanna,Umbrella,2yPoXCs7BSIUrucMdK5PzV,73,0.631,0.927,9,-2.787,0,0.0332,0.199,0.119,0.148,0.465,123.962,0azC730Exh71aQlOt9Zj3y,spotify:track:0azC730Exh71aQlOt9Zj3y,https://api.spotify.com/v1/tracks/0azC730Exh71aQlOt9Zj3y,https://api.spotify.com/v1/audio-analysis/0azC730Exh71aQlOt9Zj3y,222160,4
Rihanna,This Is What You Came For,0azC730Exh71aQlOt9Zj3y,85,0.509,0.637,4,-4.83,0,0.0471,0.0717,1.08e-05,0.0789,0.378,172.006,5oO3drDxtziYU2H1X23ZIp,spotify:track:5oO3drDxtziYU2H1X23ZIp,https://api.spotify.com/v1/tracks/5oO3drDxtziYU2H1X23ZIp,https://api.spotify.com/v1/audio-analysis/5oO3drDxtziYU2H1X23ZIp,224000,3
Rihanna,Love On The Brain,5oO3drDxtziYU2H1X23ZIp,85,0.564,0.71,11,-4.92,0,0.0461,0.00125,0,0.109,0.393,91.972,1z9kQ14XBSN0r2v6fx4IdG,spotify:track:1z9kQ14XBSN0r2v6fx4IdG,https://api.spotify.com/v1/tracks/1z9kQ14XBSN0r2v6fx4IdG,https://api.spotify.com/v1/audio-analysis/1z9kQ14XBSN0r2v6fx4IdG,225147,4
Rihanna,Diamonds,1z9kQ14XBSN0r2v6fx4IdG,74,0.769,0.684,1,-5.019,1,0.0411,0.0105,0.000125,0.0887,0.835,127.972,7ySUcLPVX7KudhnmNcgY2D,spotify:track:7ySUcLPVX7KudhnmNcgY2D,https://api.spotify.com/v1/tracks/7ySUcLPVX7KudhnmNcgY2D,https://api.spotify.com/v1/audio-analysis/7ySUcLPVX7KudhnmNcgY2D,243600,4
Rihanna,S&M,7ySUcLPVX7KudhnmNcgY2D,83,0.835,0.669,6,-5.582,0,0.0643,0.0336,6.92e-05,0.0535,0.542,122.668,1Jo0Zg7XlrA6z0mFTZVdkn,spotify:track:1Jo0Zg7XlrA6z0mFTZVdkn,https://api.spotify.com/v1/tracks/1Jo0Zg7XlrA6z0mFTZVdkn,https://api.spotify.com/v1/audio-analysis/1Jo0Zg7XlrA6z0mFTZVdkn,267080,4
Rihanna,Needed Me,4pAl7FkDMNBsjykPXo91B3,83,0.671,0.314,5,-8.091,0,0.244,0.11,0,0.0825,0.296,110.898,4pAl7FkDMNBsjykPXo91B3,spotify:track:4pAl7FkDMNBsjykPXo91B3,https://api.spotify.com/v1/tracks/4pAl7FkDMNBsjykPXo91B3,https://api.spotify.com/v1/audio-analysis/4pAl7FkDMNBsjykPXo91B3,191600,4
Rihanna,Stay,789CxjEOtO76BVD1A9yJQH,72,0.621,0.31,9,-10.164,0,0.0283,0.945,6.12e-05,0.117,0.125,111.893,789CxjEOtO76BVD1A9yJQH,spotify:track:789CxjEOtO76BVD1A9yJQH,https://api.spotify.com/v1/tracks/789CxjEOtO76BVD1A9yJQH,https://api.spotify.com/v1/audio-analysis/789CxjEOtO76BVD1A9yJQH,240707,4
Drake,Rich Baby Daddy (feat. Sexyy Red & SZA),1yeB8MUNeLo9Ek1UEpsyz6,89,0.792,0.625,1,-5.609,1,0.0536,0.00776,0.0018,0.329,0.37,103.967,1zi7xx7UVEFkmKfv06H8x0,spotify:track:1zi7xx7UVEFkmKfv06H8x0,https://api.spotify.com/v1/tracks/1zi7xx7UVEFkmKfv06H8x0,https://api.spotify.com/v1/audio-analysis/1zi7xx7UVEFkmKfv06H8x0,173987,4
Drake,One Dance,1zi7xx7UVEFkmKfv06H8x0,89,0.663,0.67,8,-8.399,1,0.271,0.0464,8.92e-05,0.205,0.138,136.952,2YSzYUF3jWqb9YP9VXmpjE,spotify:track:2YSzYUF3jWqb9YP9VXmpjE,https://api.spotify.com/v1/tracks/2YSzYUF3jWqb9YP9VXmpjE,https://api.spotify.com/v1/audio-analysis/2YSzYUF3jWqb9YP9VXmpjE,260111,4
Drake,IDGAF (feat. Yeat),2YSzYUF3jWqb9YP9VXmpjE,87,0.47,0.64,2,-7.779,1,0.32,0.0277,0,0.382,0.248,163.92,7aqfrAY2p9BUSiupwk3svU,spotify:track:7aqfrAY2p9BUSiupwk3svU,https://api.spotify.com/v1/tracks/7aqfrAY2p9BUSiupwk3svU,https://api.spotify.com/v1/audio-analysis/7aqfrAY2p9BUSiupwk3svU,247444,4
Drake,First Person Shooter (feat. J. Cole),7aqfrAY2p9BUSiupwk3svU,86,0.529,0.673,0,-4.711,1,0.175,0.000307,2.41e-06,0.093,0.366,165.921,3F5CgOj3wFlRv51JsHbxhe,spotify:track:3F5CgOj3wFlRv51JsHbxhe,https://api.spotify.com/v1/tracks/3F5CgOj3wFlRv51JsHbxhe,https://api.spotify.com/v1/audio-analysis/3F5CgOj3wFlRv51JsHbxhe,218365,4
Drake,Jimmy Cooks (feat. 21 Savage),3F5CgOj3wFlRv51JsHbxhe,86,0.55,0.545,0,-9.304,1,0.163,0.318,0,0.0608,0.412,102.469,3QS9ZCtoSCJhmaJ7QNXSAS,spotify:track:3QS9ZCtoSCJhmaJ7QNXSAS,https://api.spotify.com/v1/tracks/3QS9ZCtoSCJhmaJ7QNXSAS,https://api.spotify.com/v1/audio-analysis/3QS9ZCtoSCJhmaJ7QNXSAS,231339,4
Drake,act ii: date @ 8 (feat. Drake) - remix,3QS9ZCtoSCJhmaJ7QNXSAS,86,0.754,0.449,7,-9.211,1,0.109,0.0332,8.29e-05,0.552,0.357,77.169,6DCZcSspjsKoFjzjrWoCdn,spotify:track:6DCZcSspjsKoFjzjrWoCdn,https://api.spotify.com/v1/tracks/6DCZcSspjsKoFjzjrWoCdn,https://api.spotify.com/v1/audio-analysis/6DCZcSspjsKoFjzjrWoCdn,198973,4
Drake,Passionfruit,5mCPDVBb16L4XQwDdbRUpz,84,0.809,0.463,11,-11.377,1,0.0396,0.256,0.085,0.109,0.364,111.98,5mCPDVBb16L4XQwDdbRUpz,spotify:track:5mCPDVBb16L4XQwDdbRUpz,https://api.spotify.com/v1/tracks/5mCPDVBb16L4XQwDdbRUpz,https://api.spotify.com/v1/audio-analysis/5mCPDVBb16L4XQwDdbRUpz,298941,4
Drake,MELTDOWN (feat. Drake),67nepsnrcZkowTxMWigSbb,84,0.557,0.774,7,-5.275,0,0.351,0.012,0,0.396,0.397,111.975,67nepsnrcZkowTxMWigSbb,spotify:track:67nepsnrcZkowTxMWigSbb,https://api.spotify.com/v1/tracks/67nepsnrcZkowTxMWigSbb,https://api.spotify.com/v1/audio-analysis/67nepsnrcZkowTxMWigSbb,246134,4
Drake,Fair Trade (with Travis Scott),40iJIUlhi6renaREYGeIDS,83,0.666,0.465,1,-8.545,1,0.26,0.0503,0,0.215,0.292,167.937,40iJIUlhi6renaREYGeIDS,spotify:track:40iJIUlhi6renaREYGeIDS,https://api.spotify.com/v1/tracks/40iJIUlhi6renaREYGeIDS,https://api.spotify.com/v1/audio-analysis/40iJIUlhi6renaREYGeIDS,291175,4
Kanye West,CARNIVAL,3w0w2T288dec0mgeZZqoNN,97,0.594,0.811,1,-5.746,1,0.159,0.189,0,0.339,0.311,148.144,3w0w2T288dec0mgeZZqoNN,spotify:track:3w0w2T288dec0mgeZZqoNN,https://api.spotify.com/v1/tracks/3w0w2T288dec0mgeZZqoNN,https://api.spotify.com/v1/audio-analysis/3w0w2T288dec0mgeZZqoNN,264324,4
Kanye West,BURN,04CyMEHliadfQWMUJb1w99,88,0.6,0.885,11,-6.21,0,0.393,0.0157,6.02e-06,0.856,0.736,105.003,04CyMEHliadfQWMUJb1w99,spotify:track:04CyMEHliadfQWMUJb1w99,https://api.spotify.com/v1/tracks/04CyMEHliadfQWMUJb1w99,https://api.spotify.com/v1/audio-analysis/04CyMEHliadfQWMUJb1w99,111458,4
Kanye West,Heartless,4EWCNWgDS8707fNSZ1oaA5,88,0.639,0.628,6,-7.578,0,0.0399,0.0381,0,0.386,0.43,90.482,5TRPicyLGbAF2LGBFbHGvO,spotify:track:5TRPicyLGbAF2LGBFbHGvO,https://api.spotify.com/v1/tracks/5TRPicyLGbAF2LGBFbHGvO,https://api.spotify.com/v1/audio-analysis/5TRPicyLGbAF2LGBFbHGvO,237507,4
Kanye West,Father Stretch My Hands Pt. 1,4KW1lqgSr8TKrvBII0Brf8,87,0.374,0.568,1,-3.825,0,0.109,0.219,0.00219,0.513,0.111,84.733,3DK6m7It6Pw857FcQftMds,spotify:track:3DK6m7It6Pw857FcQftMds,https://api.spotify.com/v1/tracks/3DK6m7It6Pw857FcQftMds,https://api.spotify.com/v1/audio-analysis/3DK6m7It6Pw857FcQftMds,547733,4
Kanye West,FUK SUMN,5tEaVciE2GnR28aN6W9cLS,86,0.542,0.466,0,-8.665,1,0.0831,0.141,0.000445,0.125,0.124,191.385,7rbECVPkY5UODxoOUVKZnA,spotify:track:7rbECVPkY5UODxoOUVKZnA,https://api.spotify.com/v1/tracks/7rbECVPkY5UODxoOUVKZnA,https://api.spotify.com/v1/audio-analysis/7rbECVPkY5UODxoOUVKZnA,243440,4
Kanye West,Flashing Lights,5TRPicyLGbAF2LGBFbHGvO,87,0.809,0.788,1,-7.217,1,0.0889,0.00108,0,0.0625,0.344,95.637,1icgLGTpX2fQXKRe4D7w2b,spotify:track:1icgLGTpX2fQXKRe4D7w2b,https://api.spotify.com/v1/tracks/1icgLGTpX2fQXKRe4D7w2b,https://api.spotify.com/v1/audio-analysis/1icgLGTpX2fQXKRe4D7w2b,295472,4
Kanye West,Runaway,3DK6m7It6Pw857FcQftMds,86,0.789,0.858,1,-5.542,1,0.311,0.127,0,0.349,0.775,140.022,1auxYwYrFRqZP7t3s7w4um,spotify:track:1auxYwYrFRqZP7t3s7w4um,https://api.spotify.com/v1/tracks/1auxYwYrFRqZP7t3s7w4um,https://api.spotify.com/v1/audio-analysis/1auxYwYrFRqZP7t3s7w4um,219333,4
Kanye West,I Wonder,7rbECVPkY5UODxoOUVKZnA,85,0.601,0.741,2,-5.569,1,0.0478,0.185,2.91e-05,0.415,0.441,153.96,6I3mqTwhRpn34SLVafSH7G,spotify:track:6I3mqTwhRpn34SLVafSH7G,https://api.spotify.com/v1/tracks/6I3mqTwhRpn34SLVafSH7G,https://api.spotify.com/v1/audio-analysis/6I3mqTwhRpn34SLVafSH7G,153190,4
Kanye West,BACK TO ME,1icgLGTpX2fQXKRe4D7w2b,83,0.591,0.764,1,-5.484,1,0.0483,0.0383,0,0.103,0.478,169.928,567e29TDzLwZwfDuEpGTwo,spotify:track:567e29TDzLwZwfDuEpGTwo,https://api.spotify.com/v1/tracks/567e29TDzLwZwfDuEpGTwo,https://api.spotify.com/v1/audio-analysis/567e29TDzLwZwfDuEpGTwo,141806,4
Kanye West,Ni**as In Paris,1auxYwYrFRqZP7t3s7w4um,84,0.609,0.378,4,-9.828,1,0.438,0.835,0,0.28,0.515,100.418,50kpGaPAhYJ3sGmk6vplg0,spotify:track:50kpGaPAhYJ3sGmk6vplg0,https://api.spotify.com/v1/tracks/50kpGaPAhYJ3sGmk6vplg0,https://api.spotify.com/v1/audio-analysis/50kpGaPAhYJ3sGmk6vplg0,233720,4
Justin Bieber,Ghost,6I3mqTwhRpn34SLVafSH7G,87,0.601,0.843,0,-4.87,1,0.0593,0.000704,5.27e-05,0.0681,0.534,128.002,6QFCMUUq1T2Vf5sFUXcuQ7,spotify:track:6QFCMUUq1T2Vf5sFUXcuQ7,https://api.spotify.com/v1/tracks/6QFCMUUq1T2Vf5sFUXcuQ7,https://api.spotify.com/v1/audio-analysis/6QFCMUUq1T2Vf5sFUXcuQ7,227987,4
Justin Bieber,STAY (with Justin Bieber),567e29TDzLwZwfDuEpGTwo,82,0.654,0.76,0,-3.669,0,0.045,0.0797,0,0.299,0.41,99.945,09CtPGIpYB4BrO8qb1RGsF,spotify:track:09CtPGIpYB4BrO8qb1RGsF,https://api.spotify.com/v1/tracks/09CtPGIpYB4BrO8qb1RGsF,https://api.spotify.com/v1/audio-analysis/09CtPGIpYB4BrO8qb1RGsF,200787,4
Justin Bieber,Love Yourself,50kpGaPAhYJ3sGmk6vplg0,85,0.67,0.453,0,-11.265,1,0.295,0.256,0.327,0.117,0.685,135.047,69u7FJV6RIbQS3VuqLPSwl,spotify:track:69u7FJV6RIbQS3VuqLPSwl,https://api.spotify.com/v1/tracks/69u7FJV6RIbQS3VuqLPSwl,https://api.spotify.com/v1/audio-analysis/69u7FJV6RIbQS3VuqLPSwl,194840,4
Justin Bieber,Beauty And A Beat,6QFCMUUq1T2Vf5sFUXcuQ7,82,0.845,0.567,5,-8.118,0,0.0956,0.59,0.00142,0.0811,0.793,125.02,4B0JvthVoAAuygILe3n4Bs,spotify:track:4B0JvthVoAAuygILe3n4Bs,https://api.spotify.com/v1/tracks/4B0JvthVoAAuygILe3n4Bs,https://api.spotify.com/v1/audio-analysis/4B0JvthVoAAuygILe3n4Bs,205680,4
Justin Bieber,Sorry,09CtPGIpYB4BrO8qb1RGsF,84,0.843,0.669,1,-4.105,0,0.0639,0.0846,1.28e-05,0.105,0.435,136.979,52NGJPcLUzQq5w7uv4e5gf,spotify:track:52NGJPcLUzQq5w7uv4e5gf,https://api.spotify.com/v1/tracks/52NGJPcLUzQq5w7uv4e5gf,https://api.spotify.com/v1/audio-analysis/52NGJPcLUzQq5w7uv4e5gf,238253,4
Justin Bieber,Baby,6epn3r7S14KUqlReYr77hA,83,0.744,0.789,9,-4.876,0,0.059,0.0036,0.00144,0.0947,0.866,116.985,4OMJGnvZfDvsePyCwRGO7X,spotify:track:4OMJGnvZfDvsePyCwRGO7X,https://api.spotify.com/v1/tracks/4OMJGnvZfDvsePyCwRGO7X,https://api.spotify.com/v1/audio-analysis/4OMJGnvZfDvsePyCwRGO7X,185918,4
Justin Bieber,bad guy,69u7FJV6RIbQS3VuqLPSwl,54,0.815,0.582,5,-4.5,0,0.0532,0.0365,1.45e-06,0.138,0.671,123.03,6Qb7YsAqH4wWFUMbGsCpap,spotify:track:6Qb7YsAqH4wWFUMbGsCpap,https://api.spotify.com/v1/tracks/6Qb7YsAqH4wWFUMbGsCpap,https://api.spotify.com/v1/audio-analysis/6Qb7YsAqH4wWFUMbGsCpap,209488,4
Justin Bieber,Eenie Meenie - Radio Version,4Yaw2PmyOETOnEM3TCf98I,61,0.795,0.8,1,-6.32,1,0.0309,0.0354,7.25e-05,0.0915,0.934,116.032,7rglLriMNBPAyuJOMGwi39,spotify:track:7rglLriMNBPAyuJOMGwi39,https://api.spotify.com/v1/tracks/7rglLriMNBPAyuJOMGwi39,https://api.spotify.com/v1/audio-analysis/7rglLriMNBPAyuJOMGwi39,202735,4
Justin Bieber,What Do You Mean?,4B0JvthVoAAuygILe3n4Bs,81,0.793,0.793,11,-4.521,0,0.083,0.0123,0,0.0951,0.679,123.95,3PfIrDoz19wz7qK7tYeu62,spotify:track:3PfIrDoz19wz7qK7tYeu62,https://api.spotify.com/v1/tracks/3PfIrDoz19wz7qK7tYeu62,https://api.spotify.com/v1/audio-analysis/3PfIrDoz19wz7qK7tYeu62,183290,4
Justin Bieber,Private Landing (feat. Justin Bieber & Future),52NGJPcLUzQq5w7uv4e5gf,80,0.791,0.862,9,-3.24,0,0.11,0.037,2.19e-05,0.0814,0.592,123.994,7ef4DlsgrMEH11cDZd32M6,spotify:track:7ef4DlsgrMEH11cDZd32M6,https://api.spotify.com/v1/tracks/7ef4DlsgrMEH11cDZd32M6,https://api.spotify.com/v1/audio-analysis/7ef4DlsgrMEH11cDZd32M6,214847,4
Dua Lipa,Houdini,4OMJGnvZfDvsePyCwRGO7X,92,0.702,0.825,6,-3.787,0,0.0601,0.00883,0,0.0674,0.915,102.977,5nujrmhLynf4yMoMtj8AQF,spotify:track:5nujrmhLynf4yMoMtj8AQF,https://api.spotify.com/v1/tracks/5nujrmhLynf4yMoMtj8AQF,https://api.spotify.com/v1/audio-analysis/5nujrmhLynf4yMoMtj8AQF,203064,4
Dua Lipa,Training Season,6Qb7YsAqH4wWFUMbGsCpap,91,0.762,0.7,9,-6.021,0,0.0694,0.00261,1.56e-05,0.153,0.608,116.073,2ekn2ttSfGqwhhate0LSR0,spotify:track:2ekn2ttSfGqwhhate0LSR0,https://api.spotify.com/v1/tracks/2ekn2ttSfGqwhhate0LSR0,https://api.spotify.com/v1/audio-analysis/2ekn2ttSfGqwhhate0LSR0,209320,4
Dua Lipa,Dance The Night - From Barbie The Album,1vYXt7VSjH9JIM5oRRo7vA,89,0.836,0.544,7,-5.975,1,0.0943,0.0403,0,0.0824,0.51,97.028,76cy1WJvNGJTj78UqeA5zr,spotify:track:76cy1WJvNGJTj78UqeA5zr,https://api.spotify.com/v1/tracks/76cy1WJvNGJTj78UqeA5zr,https://api.spotify.com/v1/audio-analysis/76cy1WJvNGJTj78UqeA5zr,217947,4
Dua Lipa,Cold Heart - PNAU Remix,7rglLriMNBPAyuJOMGwi39,70,0.695,0.884,6,-2.278,0,0.0753,0.0561,0,0.213,0.914,103.014,39LLxExYz6ewLAcYrzQQyP,spotify:track:39LLxExYz6ewLAcYrzQQyP,https://api.spotify.com/v1/tracks/39LLxExYz6ewLAcYrzQQyP,https://api.spotify.com/v1/audio-analysis/39LLxExYz6ewLAcYrzQQyP,203808,4
Dua Lipa,One Kiss (with Dua Lipa),7ef4DlsgrMEH11cDZd32M6,85,0.486,0.617,5,-7.115,0,0.0287,0.0954,3.23e-06,0.109,0.417,138.015,1mea3bSkSGXuIRvnydlB5b,spotify:track:1mea3bSkSGXuIRvnydlB5b,https://api.spotify.com/v1/tracks/1mea3bSkSGXuIRvnydlB5b,https://api.spotify.com/v1/audio-analysis/1mea3bSkSGXuIRvnydlB5b,242373,4
Dua Lipa,Levitating (feat. DaBaby),5nujrmhLynf4yMoMtj8AQF,81,0.429,0.661,11,-7.227,1,0.0281,0.00239,0.000121,0.234,0.285,173.372,3AJwUDP919kvQ9QcozQPxg,spotify:track:3AJwUDP919kvQ9QcozQPxg,https://api.spotify.com/v1/tracks/3AJwUDP919kvQ9QcozQPxg,https://api.spotify.com/v1/audio-analysis/3AJwUDP919kvQ9QcozQPxg,266773,4
Dua Lipa,New Rules,2ekn2ttSfGqwhhate0LSR0,81,0.617,0.635,11,-6.769,0,0.0317,0.0498,1.44e-05,0.164,0.446,103.019,6RUKPb4LETWmmr3iAEQktW,spotify:track:6RUKPb4LETWmmr3iAEQktW,https://api.spotify.com/v1/tracks/6RUKPb4LETWmmr3iAEQktW,https://api.spotify.com/v1/audio-analysis/6RUKPb4LETWmmr3iAEQktW,247160,4
Dua Lipa,IDGAF,76cy1WJvNGJTj78UqeA5zr,79,0.371,0.268,1,-10.506,1,0.0281,0.748,0.0517,0.104,0.165,102.617,7D0RhFcb3CrfPuTJ0obrod,spotify:track:7D0RhFcb3CrfPuTJ0obrod,https://api.spotify.com/v1/tracks/7D0RhFcb3CrfPuTJ0obrod,https://api.spotify.com/v1/audio-analysis/7D0RhFcb3CrfPuTJ0obrod,227093,3
Dua Lipa,Levitating,39LLxExYz6ewLAcYrzQQyP,79,0.557,0.442,5,-7.224,1,0.0243,0.731,1.46e-05,0.11,0.213,146.277,75JFxkI2RXiU7L9VXzMkle,spotify:track:75JFxkI2RXiU7L9VXzMkle,https://api.spotify.com/v1/tracks/75JFxkI2RXiU7L9VXzMkle,https://api.spotify.com/v1/audio-analysis/75JFxkI2RXiU7L9VXzMkle,309600,4
Coldplay,Viva La Vida,1mea3bSkSGXuIRvnydlB5b,88,0.545,0.675,6,-6.474,1,0.0279,0.00617,0.00197,0.209,0.162,124.97,0FDzzruyVECATHXKHFs9eJ,spotify:track:0FDzzruyVECATHXKHFs9eJ,https://api.spotify.com/v1/tracks/0FDzzruyVECATHXKHFs9eJ,https://api.spotify.com/v1/audio-analysis/0FDzzruyVECATHXKHFs9eJ,267867,4
Coldplay,Yellow,3AJwUDP919kvQ9QcozQPxg,90,0.209,0.417,3,-8.74,1,0.0338,0.164,0.00196,0.113,0.124,138.178,7LVHVU3tWfcxj5aiPFEW4Q,spotify:track:7LVHVU3tWfcxj5aiPFEW4Q,https://api.spotify.com/v1/tracks/7LVHVU3tWfcxj5aiPFEW4Q,https://api.spotify.com/v1/audio-analysis/7LVHVU3tWfcxj5aiPFEW4Q,295533,4
Coldplay,Something Just Like This,6RUKPb4LETWmmr3iAEQktW,87,0.449,0.585,5,-6.761,1,0.0268,0.0509,8.75e-05,0.0833,0.212,139.631,6nek1Nin9q48AVZcWs9e9D,spotify:track:6nek1Nin9q48AVZcWs9e9D,https://api.spotify.com/v1/tracks/6nek1Nin9q48AVZcWs9e9D,https://api.spotify.com/v1/audio-analysis/6nek1Nin9q48AVZcWs9e9D,278719,4
Coldplay,Sparks,7D0RhFcb3CrfPuTJ0obrod,87,0.491,0.693,0,-6.487,0,0.0377,0.211,6.92e-06,0.325,0.412,90.027,3RiPr603aXAoi4GHyXx0uy,spotify:track:3RiPr603aXAoi4GHyXx0uy,https://api.spotify.com/v1/tracks/3RiPr603aXAoi4GHyXx0uy,https://api.spotify.com/v1/audio-analysis/3RiPr603aXAoi4GHyXx0uy,258267,4
Coldplay,The Scientist,75JFxkI2RXiU7L9VXzMkle,86,0.573,0.711,1,-6.268,0,0.0406,0.0114,0,0.328,0.47,105.006,46HNZY1i7O6jwTA7Slo2PI,spotify:track:46HNZY1i7O6jwTA7Slo2PI,https://api.spotify.com/v1/tracks/46HNZY1i7O6jwTA7Slo2PI,https://api.spotify.com/v1/audio-analysis/46HNZY1i7O6jwTA7Slo2PI,226198,4
Coldplay,A Sky Full of Stars,0FDzzruyVECATHXKHFs9eJ,85,0.635,0.841,5,-5.379,1,0.0422,0.0134,0,0.0622,0.424,109.021,7BqBn9nzAq8spo5e7cZ0dJ,spotify:track:7BqBn9nzAq8spo5e7cZ0dJ,https://api.spotify.com/v1/tracks/7BqBn9nzAq8spo5e7cZ0dJ,https://api.spotify.com/v1/audio-analysis/7BqBn9nzAq8spo5e7cZ0dJ,220734,4
Coldplay,Fix You,7LVHVU3tWfcxj5aiPFEW4Q,84,0.612,0.28,0,-8.648,1,0.0434,0.932,0,0.088,0.387,72.795,0nJW01T7XtvILxQgC5J7Wh,spotify:track:0nJW01T7XtvILxQgC5J7Wh,https://api.spotify.com/v1/tracks/0nJW01T7XtvILxQgC5J7Wh,https://api.spotify.com/v1/audio-analysis/0nJW01T7XtvILxQgC5J7Wh,213827,4
Coldplay,Paradise,6nek1Nin9q48AVZcWs9e9D,83,0.498,0.59,1,-4.721,0,0.032,0.511,0,0.107,0.0784,145.867,161DnLWsx1i3u1JT05lzqU,spotify:track:161DnLWsx1i3u1JT05lzqU,https://api.spotify.com/v1/tracks/161DnLWsx1i3u1JT05lzqU,https://api.spotify.com/v1/audio-analysis/161DnLWsx1i3u1JT05lzqU,217867,4
Coldplay,Hymn for the Weekend,3RiPr603aXAoi4GHyXx0uy,83,0.586,0.616,5,-7.964,1,0.0324,0.182,0,0.0927,0.719,148.088,02VBYrHfVwfEWXk5DXyf0T,spotify:track:02VBYrHfVwfEWXk5DXyf0T,https://api.spotify.com/v1/tracks/02VBYrHfVwfEWXk5DXyf0T,https://api.spotify.com/v1/audio-analysis/02VBYrHfVwfEWXk5DXyf0T,242096,4
Coldplay,My Universe,46HNZY1i7O6jwTA7Slo2PI,77,0.794,0.711,8,-5.124,0,0.0699,0.3,0,0.0955,0.955,174.915,1ExfPZEiahqhLyajhybFeS,spotify:track:1ExfPZEiahqhLyajhybFeS,https://api.spotify.com/v1/tracks/1ExfPZEiahqhLyajhybFeS,https://api.spotify.com/v1/audio-analysis/1ExfPZEiahqhLyajhybFeS,189109,4
